{"cameraMode":{"drawMode":0,"name":"Shaded","section":"Shading Mode"},"sceneLighting":false,"audioPlay":false,"sceneViewState":{"m_AlwaysRefresh":false,"showFog":true,"showSkybox":false,"showFlares":true,"showImageEffects":true,"showParticleSystems":true,"showVisualEffectGraphs":true,"m_FxEnabled":true},"in2DMode":false,"pivot":{"x":602.6117553710938,"y":21.126174926757814,"z":354.6308288574219},"rotation":{"x":-0.006069561466574669,"y":0.9936502575874329,"z":-0.09838718175888062,"w":-0.05995799973607063},"size":4.007998943328857,"orthographic":false}