{"cameraMode":{"drawMode":0,"name":"Shaded","section":"Shading Mode"},"sceneLighting":false,"audioPlay":false,"sceneViewState":{"m_AlwaysRefresh":false,"showFog":true,"showSkybox":false,"showFlares":true,"showImageEffects":true,"showParticleSystems":true,"showVisualEffectGraphs":true,"m_FxEnabled":true},"in2DMode":false,"pivot":{"x":515.0894165039063,"y":146.07431030273438,"z":471.7471923828125},"rotation":{"x":-0.017318831756711007,"y":0.1825568825006485,"z":-0.0004543969698715955,"w":-0.9840288758277893},"size":317.899169921875,"orthographic":false}