{"cameraMode":{"drawMode":0,"name":"Shaded","section":"Shading Mode"},"sceneLighting":true,"audioPlay":false,"sceneViewState":{"m_AlwaysRefresh":false,"showFog":true,"showSkybox":false,"showFlares":true,"showImageEffects":true,"showParticleSystems":true,"showVisualEffectGraphs":true,"m_FxEnabled":true},"in2DMode":false,"pivot":{"x":1.8125420808792115,"y":2.9163403511047365,"z":3.1164729595184328},"rotation":{"x":0.11792211979627609,"y":-0.19733606278896333,"z":0.02391801029443741,"w":0.972980797290802},"size":2.062981128692627,"orthographic":false}