{"cameraMode":{"drawMode":0,"name":"Shaded","section":"Shading Mode"},"sceneLighting":false,"audioPlay":false,"sceneViewState":{"m_AlwaysRefresh":false,"showFog":true,"showSkybox":false,"showFlares":true,"showImageEffects":true,"showParticleSystems":true,"showVisualEffectGraphs":true,"m_FxEnabled":true},"in2DMode":false,"pivot":{"x":555.0305786132813,"y":-32.13503646850586,"z":536.5836181640625},"rotation":{"x":0.5914020538330078,"y":0.0038910498842597009,"z":-0.0033219843171536924,"w":0.8065468668937683},"size":1480.96826171875,"orthographic":false}