{"cameraMode":{"drawMode":0,"name":"Shaded","section":"Shading Mode"},"sceneLighting":false,"audioPlay":false,"sceneViewState":{"m_AlwaysRefresh":false,"showFog":true,"showSkybox":false,"showFlares":true,"showImageEffects":true,"showParticleSystems":true,"showVisualEffectGraphs":true,"m_FxEnabled":true},"in2DMode":false,"pivot":{"x":628.8668823242188,"y":435.5174865722656,"z":79.01819610595703},"rotation":{"x":0.006235191598534584,"y":0.9594863057136536,"z":-0.28204917907714846,"w":0.02164262719452381},"size":1225.4630126953125,"orthographic":false}