{"cameraMode":{"drawMode":0,"name":"Shaded","section":"Shading Mode"},"sceneLighting":false,"audioPlay":false,"sceneViewState":{"m_AlwaysRefresh":false,"showFog":true,"showSkybox":false,"showFlares":true,"showImageEffects":true,"showParticleSystems":true,"showVisualEffectGraphs":true,"m_FxEnabled":true},"in2DMode":false,"pivot":{"x":19.770193099975587,"y":3.231621026992798,"z":25.322723388671876},"rotation":{"x":-0.00929936021566391,"y":0.9905877709388733,"z":-0.10409553349018097,"w":-0.08849963545799256},"size":1.1381449699401856,"orthographic":false}