{"cameraMode":{"drawMode":0,"name":"Shaded","section":"Shading Mode"},"sceneLighting":false,"audioPlay":false,"sceneViewState":{"m_AlwaysRefresh":false,"showFog":true,"showSkybox":false,"showFlares":true,"showImageEffects":true,"showParticleSystems":true,"showVisualEffectGraphs":true,"m_FxEnabled":true},"in2DMode":false,"pivot":{"x":634.2579956054688,"y":-12.233049392700196,"z":222.54544067382813},"rotation":{"x":0.05094176158308983,"y":0.2716410160064697,"z":-0.010753893293440342,"w":0.9623818397521973},"size":82.84782409667969,"orthographic":false}